paidlandingurl,propertyname,starrating
https://pickyourtrail.com/packages/northern-lights-tours,Stunning 6 Nights Northern Lights Packages,2.5
https://pickyourtrail.com/packages/northern-lights-tours,Majestic 7 Nights Northern Lights Tour,1.0
https://pickyourtrail.com/packages/northern-lights-tours,Breathtaking 7 Nights Northern Lights Travel Packages,1.0
https://pickyourtrail.com/packages/northern-lights-tours,Stupendous 6 Nights Northern Lights Holiday Packages,1.0
https://pickyourtrail.com/packages/northern-lights-tours,4 Night aurora tour to Iceland,3.0
https://pickyourtrail.com/packages/northern-lights-tours,Awe-inspiring Iceland Northern Lights Tour Package,3.0
https://pickyourtrail.com/packages/northern-lights-tours,Stupendous 7 Nights Northern Lights Holiday Packages,3.0
https://pickyourtrail.com/packages/northern-lights-tours,Exclusive Northern Lights Tour Package from India,2.0
https://pickyourtrail.com/packages/northern-lights-tours,Spectacular Norway Northern Lights Tour Package from India,3.0
https://pickyourtrail.com/packages/northern-lights-tours,Breathtaking 5 Nights Northern Lights Travel Packages,3.0
https://pickyourtrail.com/packages/northern-lights-tours,Stunning 7 Nights Northern Lights Packages,3.0
https://pickyourtrail.com/packages/northern-lights-tours,Majestic 6 Nights Northern Lights Tour,3.0
https://pickyourtrail.com/packages/northern-lights-tours,Aurora tour package- 6 nights in Iceland,3.0
https://pickyourtrail.com/packages/northern-lights-tours,Reykjavik Lights: A 4 Night tour package,3.0
https://pickyourtrail.com/packages/northern-lights-tours,A 3 night Northern Light tour package in Iceland,3.0
